<?xml version="1.0" encoding="UTF-8" standalone="yes"?>
<categories>
    <category name="Adult">
        <products-count>58</products-count>
        <average-price>735.68</average-price>
        <total-revenue>42669.71</total-revenue>
    </category>
    <category name="Autoparts">
        <products-count>55</products-count>
        <average-price>772.93</average-price>
        <total-revenue>42510.96</total-revenue>
    </category>
    <category name="Drugs">
        <products-count>53</products-count>
        <average-price>823.44</average-price>
        <total-revenue>43642.17</total-revenue>
    </category>
    <category name="Business">
        <products-count>50</products-count>
        <average-price>793.63</average-price>
        <total-revenue>39681.46</total-revenue>
    </category>
    <category name="Weapons">
        <products-count>49</products-count>
        <average-price>762.42</average-price>
        <total-revenue>37358.72</total-revenue>
    </category>
    <category name="For Children">
        <products-count>47</products-count>
        <average-price>709.03</average-price>
        <total-revenue>33324.26</total-revenue>
    </category>
    <category name="Garden">
        <products-count>47</products-count>
        <average-price>857.22</average-price>
        <total-revenue>40289.30</total-revenue>
    </category>
    <category name="Other">
        <products-count>46</products-count>
        <average-price>813.33</average-price>
        <total-revenue>37413.28</total-revenue>
    </category>
    <category name="Fashion">
        <products-count>41</products-count>
        <average-price>749.27</average-price>
        <total-revenue>30720.01</total-revenue>
    </category>
    <category name="Electronics">
        <products-count>39</products-count>
        <average-price>691.53</average-price>
        <total-revenue>26969.76</total-revenue>
    </category>
    <category name="Sports">
        <products-count>39</products-count>
        <average-price>801.07</average-price>
        <total-revenue>31241.58</total-revenue>
    </category>
</categories>
