<?xml version="1.0" encoding="UTF-8" standalone="yes"?>
<products>
    <product name="Ketorolac Tromethamine" price="608.18" seller=" Cunningham"/>
    <product name="Pleo Ginkgo" price="613.65" seller="Carl Daniels"/>
    <product name="Diastat" price="614.14" seller="Emily Parker"/>
    <product name="No7 Protect and Perfect Foundation Sunscreen Broad Spectrum SPF 15 Cool Ivory" price="616.19" seller="Anna Parker"/>
    <product name="Glipizide" price="621.78" seller="Emily Parker"/>
    <product name="AMARANTHUS PALMERI POLLEN" price="623.16" seller="Christina Patterson"/>
    <product name="Foaming Hand Sanitizer" price="624.72" seller="Patrick King"/>
    <product name="ziprasidone hydrochloride" price="628.66" seller="Betty Lawson"/>
    <product name="AVANDAMET" price="632.08" seller="Ann Stevens"/>
    <product name="Imipramine Hydrochloride" price="648.69" seller="Arthur Reynolds"/>
    <product name="Childrens Allegra Allergy" price="650.97" seller="Christina Patterson"/>
    <product name="Strattera" price="658.54" seller="Thomas Snyder"/>
    <product name="Amitiza" price="666.58" seller="Fred Allen"/>
    <product name="ENBREL" price="673.97" seller="Jonathan Rodriguez"/>
    <product name="Ampicillin" price="674.63" seller="Patrick King"/>
    <product name="PRIMAXIN" price="686.66" seller="Chris Mitchell"/>
    <product name="CLARINS Ever Matte SPF 15 - 105 Nude" price="696.06" seller="Paula Hill"/>
    <product name="CALMING DIAPER RASH" price="700.92" seller="Arthur Reynolds"/>
    <product name="Acnezzol Base" price="710.60" seller="Jonathan Rodriguez"/>
    <product name="Prostate" price="716.05" seller="Nicole Martinez"/>
    <product name="Pleo Lat" price="720.08" seller="Sandra Riley"/>
    <product name="GOONG SECRET CALMING BATH" price="742.47" seller="Brandon Fuller"/>
    <product name="Warfarin Sodium" price="770.05" seller="Fred Allen"/>
    <product name="Pollens - Weeds and Garden Plants, Nettle Urtica dioica" price="782.77" seller=" Bennett"/>
    <product name="Isosorbide Mononitrate" price="789.91" seller="Thomas Snyder"/>
    <product name="Naproxen" price="807.22" seller=" Peterson"/>
    <product name="Meloxicam" price="809.18" seller="Jacqueline Perez"/>
    <product name="Clarins Paris Skin Illusion - 114 cappuccino" price="811.42" seller="Jonathan Rodriguez"/>
    <product name="Azithromycin" price="813.87" seller="Emily Parker"/>
    <product name="LV-FX" price="820.87" seller=" Peterson"/>
    <product name="IOPE SUPER VITAL" price="824.68" seller="Jonathan Rodriguez"/>
    <product name="Aquafresh" price="849.93" seller=" Thompson"/>
    <product name="RESCRIPTOR" price="850.52" seller="Jennifer Riley"/>
    <product name="Moore Medical Sinus Pain and Pressure Relief" price="855.39" seller=" Lawson"/>
    <product name="Shopko Lip Treatment" price="861.42" seller="Brenda Howell"/>
    <product name="Perrigo Benzoyl Peroxide" price="873.24" seller="Jean Henry"/>
    <product name="ESIKA" price="879.37" seller="Eugene Stewart"/>
    <product name="Levothyroxine Sodium" price="885.86" seller="Sarah Day"/>
    <product name="EPZICOM" price="895.65" seller="Rachel Johnson"/>
    <product name="Myristica Argentum Sinus Relief" price="904.52" seller="Fred Barnes"/>
    <product name="Aspirin" price="925.45" seller="Nicole Martinez"/>
    <product name="Ranitidine" price="926.64" seller="Amanda Frazier"/>
    <product name="Care One Hemorrhoidal" price="932.18" seller="Jacqueline Perez"/>
    <product name="Spironolactone" price="933.69" seller="Jeremy Woods"/>
    <product name="pain relief" price="938.23" seller="Marie Williamson"/>
    <product name="Glipizide and Metformin Hydrochloride" price="953.60" seller="Billy Parker"/>
    <product name="Metformin Hydrochloride" price="953.99" seller=" Cunningham"/>
    <product name="Homeopathic Rheumatism" price="967.08" seller=" Cunningham"/>
    <product name="NEO-POLY-BAC HYDRO" price="967.32" seller="Benjamin Henry"/>
    <product name="Clearskin" price="968.59" seller="Amanda Frazier"/>
    <product name="Dawn Ultra Antibacterial Hand" price="969.86" seller="Jeremy Woods"/>
    <product name="Megestrol Acetate" price="976.15" seller="Emily Parker"/>
    <product name="Smooth texture Orange flavor" price="976.65" seller=" Lawson"/>
    <product name="Retin-A MICRO" price="995.98" seller="Gary Stevens"/>
</products>
